Fund Name,P1,P2,P3,P4,P5,Topsis Score,Rank
M1,0.78,0.61,5.5,34.7,10.4,0.521687493762884,3
M2,0.88,0.77,5.0,58.4,16.26,0.45245348172211947,7
M3,0.61,0.37,5.9,39.9,11.7,0.5681499131534972,1
M4,0.76,0.58,4.2,57.7,15.81,0.45275191882493276,6
M5,0.84,0.71,3.2,48.0,13.19,0.40875349093334834,8
M6,0.76,0.58,4.0,68.8,18.54,0.45457961199125946,5
M7,0.81,0.66,6.5,38.2,11.54,0.5420634483184036,2
M8,0.81,0.66,3.2,32.8,9.37,0.46011410169065403,4
