Fund Name,P1,P2,P3,P4,P5,Topsis score,Rank
M1,0.78,0.61,5.5,34.7,10.4,0.376433782611999,6
M2,0.88,0.77,5.0,58.4,16.26,0.3981051130556066,5
M3,0.61,0.37,5.9,39.9,11.7,0.6221626188250411,1
M4,0.76,0.58,4.2,57.7,15.81,0.5200466738688718,3
M5,0.84,0.71,3.2,48.0,13.19,0.27929955471322787,7
M6,0.76,0.58,4.0,68.8,18.54,0.5810289107156266,2
M7,0.81,0.66,6.5,38.2,11.54,0.40329719112465157,4
M8,0.81,0.66,3.2,32.8,9.37,0.22147526910604817,8
